<?xml version="1.0"?>

<!--
   This file is used by emacs nxml-mode, and is needed in order for
   nxml-mode to locate the multigraph.rnc file in this directory for
   validating the xml files in the "tests" directory tree.  In order
   for this to work, put the following in your .emacs file:

      (load "<NXML-MODE>/rng-auto.el")
      (setq auto-mode-alist
            (cons '("\\.\\(xml\\|xsl\\|rng\\|xhtml\\)\\'" . nxml-mode)
      	    auto-mode-alist))
      (setq rng-schema-locating-files-default 
      	'(
      		"schemas.xml"
      		"../schemas.xml"
      		"../schemas/schemas.xml"
      		"../../schemas.xml"
      		"../../schemas/schemas.xml"
      		"../../../schemas.xml"
      		"../../../schemas/schemas.xml"
      		"../../../../schemas.xml"
      		"../../../../schemas/schemas.xml"
      		"../../../../../schemas.xml"
      		"../../../../../schemas/schemas.xml"
      	)
      )

   where <NXML-MODE> is the directory containing the nxml-mode source code.
  -->

<locatingRules xmlns="http://thaiopensource.com/ns/locating-rules/1.0">
  <uri resource="foo.xml" uri="foo.rnc"/>
  <documentElement localName="haxissamples"     uri="multigraph.rnc"/>
  <documentElement localName="datasamples"      uri="multigraph.rnc"/>
  <documentElement localName="multigraph"       uri="multigraph.rnc"/>
  <documentElement localName="mugl"             uri="multigraph.rnc"/>
  <documentElement localName="axislabelsamples" uri="multigraph.rnc"/>
</locatingRules>
