<?xml version="1.0" encoding="ISO-8859-1"?><!--
  Licensed to the Apache Software Foundation (ASF) under one or more
  contributor license agreements.  See the NOTICE file distributed with
  this work for additional information regarding copyright ownership.
  The ASF licenses this file to You under the Apache License, Version 2.0
  (the "License"); you may not use this file except in compliance with
  the License.  You may obtain a copy of the License at

       http://www.apache.org/licenses/LICENSE-2.0

  Unless required by applicable law or agreed to in writing, software
  distributed under the License is distributed on an "AS IS" BASIS,
  WITHOUT WARRANTIES OR CONDITIONS OF ANY KIND, either express or implied.
  See the License for the specific language governing permissions and
  limitations under the License.
--><!-- $Id: index.xml 562023 2007-08-02 06:08:49Z clay $ --><!DOCTYPE document PUBLIC "-//APACHE//DTD Documentation V1.3//EN" "document-v13.dtd">
<document>
  <header>
    <title>Apache FOP Version 0.94</title>
    <version>$Revision: 201586 $</version>
  </header>
  <body>
    <section id="intro">
      <title>Introduction</title>
      <p>
        The Apache FOP team is proud to present to you this production quality release.
        We're still in the process of adding new features. We welcome any feedback you
        might have and even more, any other form of help to get the project forward.
      </p>
      <p>
        This fifth release contains many bug fix release and new features compared
        to 0.92beta. To see what has changed since the last release, please visit the 
        <link href="changes_0.94.html">Changes Page</link> and the <link href="releaseNotes_0.94.html">Release Notes</link>.
      </p>
    </section>
    <section id="upgrading">
      <title>Upgrading from an earlier version</title>
      <p>
        If you're upgrading to this version from an earlier version of FOP, please read the 
        information contained on the <link href="upgrading.html">Upgrading page</link>!
      </p>
    </section>
    <section id="download">
      <title>Download</title>
      <p>
        To download this version, please visit the <link href="../download.html">download page</link>.
      </p>
    </section>
  </body>
</document>