<?xml version="1.0" encoding="ISO-8859-1"?><!DOCTYPE document PUBLIC "-//APACHE//DTD Documentation V1.3//EN" "document-v13.dtd">
<document><header><title>Release Notes for Apache FOP 0.94</title></header><body><section id="version_0.94"><title>Major Changes in Version 0.94</title><note>This is not a complete list of changes, a 
   full list of changes in this release
   <a href="changes_0.94.html">is available</a>.</note><section><title>Important Changes Code Base</title><ul><li><icon alt="add" src="../images/add.jpg"/>
        Add support for font auto-detection (easier font configuration).
      (JM) Thanks to Adrian Cumiskey. Fixes <link href="http://issues.apache.org/bugzilla/buglist.cgi?bug_id=41831">41831</link>.</li><li><icon alt="add" src="../images/add.jpg"/>
        Add support for the collapsing-border model in tables.
      (VH, JM) Fixes <link href="http://issues.apache.org/bugzilla/buglist.cgi?bug_id=36934">36934</link>.</li><li><icon alt="add" src="../images/add.jpg"/>
        Add support for named destinations in PDF.
      (JB)</li><li><icon alt="add" src="../images/add.jpg"/>
        Added support for UAX#14 type line breaking. Support does not extend across nested fo:inline elements.
      (MM)</li></ul></section></section></body></document>